company,,date,MP,ACP,Rm,Ri,Rf,ari,arm,amer,aser
1,Google,2015/5/4,2116.1,538.22,0.003704452,0.000594808,0.02,0.00776016,0.049242942,0.029242942,-0.01223984
1,Google,2015/5/11,2122.73,533.85,0.003133066,-0.008119348,0.02,-0.100559488,0.041504379,0.021504379,-0.120559488
1,Google,2015/5/18,2126.06,540.11,0.001568772,0.011726158,0.02,0.16364022,0.020587106,0.000587106,0.14364022
1,Google,2015/5/26,2107.39,532.11,-0.00878158,-0.014811798,0.02,-0.176336861,-0.108334975,-0.128334975,-0.196336861
1,Google,2015/6/1,2092.83,533.33,-0.006908933,0.002292819,0.02,0.030220162,-0.086185637,-0.106185637,0.010220162
1,Google,2015/6/8,2094.11,532.33,0.000611626,-0.001875012,0.02,-0.02410281,0.007980382,-0.012019618,-0.04410281
1,Google,2015/6/15,2109.99,536.69,0.007583118,0.00819038,0.02,0.111867764,0.10319293,0.08319293,0.091867764
1,Google,2015/6/22,2101.49,531.69,-0.004028455,-0.009316365,0.01,-0.114568727,-0.051122606,-0.061122606,-0.124568727
1,Google,2015/6/29,2076.78,523.4,-0.011758305,-0.015591751,0.02,-0.184773712,-0.142525422,-0.162525422,-0.204773712
1,Google,2015/7/6,2076.62,530.13,-0.000077,0.012858198,0.02,0.180680577,-0.001000538,-0.021000538,0.160680577
1,Google,2015/7/13,2126.64,672.93,0.024087109,0.269367866,0.02,21.21454895,0.362635477,0.342635477,21.19454895
1,Google,2015/7/20,2079.65,623.56,-0.022095885,-0.073365722,0.04,-0.62862839,-0.252086182,-0.292086182,-0.66862839
1,Google,2015/7/27,2103.84,625.61,0.011631855,0.003287554,0.05,0.043591473,0.16223099,0.11223099,-0.006408527
1,Google,2015/8/3,2077.57,635.3,-0.0124867,0.015488888,0.08,0.221173247,-0.150705336,-0.230705336,0.141173247
1,Google,2015/8/10,2091.54,657.12,0.006724188,0.03434599,0.12,0.551157354,0.091029624,-0.028970376,0.431157354
1,Google,2015/8/17,1970.89,612.48,-0.057684779,-0.067932821,0.1,-0.599305114,-0.538097108,-0.638097108,-0.699305114
1,Google,2015/8/24,1988.87,630.38,0.009122772,0.029225486,0.06,0.454242771,0.125309762,0.065309762,0.394242771
1,Google,2015/8/31,1921.22,600.7,-0.034014302,-0.047082701,0.08,-0.465782951,-0.362296128,-0.442296128,-0.545782951
1,Google,2015/9/8,1961.05,625.77,0.020731659,0.041734655,0.06,0.701541144,0.305721652,0.245721652,0.641541144
1,Google,2015/9/14,1958.03,629.25,-0.001540001,0.005561117,0.07,0.074756629,-0.019836068,-0.089836068,0.004756629
1,Google,2015/9/21,1931.34,611.97,-0.01363108,-0.027461309,0.01,-0.303710982,-0.163411419,-0.173411419,-0.313710982
1,Google,2015/9/28,1951.36,626.91,0.01036587,0.024412966,0.01,0.368282798,0.143464474,0.133464474,0.358282798
1,Google,2015/10/5,2014.89,643.61,0.032556797,0.026638613,0.01,0.407436238,0.516635957,0.506635957,0.397436238
1,Google,2015/10/12,2033.11,662.2,0.009042662,0.028883994,0.01,0.447982604,0.124148978,0.114148978,0.437982604
1,Google,2015/10/19,2075.15,702,0.02067764,0.060102669,0.02,1.135615494,0.304823621,0.284823621,1.115615494
1,Google,2015/10/26,2079.36,710.81,0.002028868,0.012549855,0.02,0.176016474,0.026698756,0.006698756,0.156016474
1,Google,2015/11/2,2099.2,733.76,0.009541322,0.032287126,0.08,0.511494756,0.13139251,0.05139251,0.431494756
1,Google,2015/11/9,2023.04,717,-0.036280447,-0.022841269,0.14,-0.259463415,-0.381472922,-0.521472922,-0.399463415
1,Google,2015/11/16,2089.17,756.6,0.032688371,0.055230092,0.15,1.011468229,0.519150233,0.369150233,0.861468229
1,Google,2015/11/23,2090.11,750.26,0.000450028,-0.008379548,0.14,-0.103622017,0.005866187,-0.134133813,-0.243622017
1,Google,2015/11/30,2091.69,766.81,0.000755862,0.022059003,0.22,0.327967926,0.009870893,-0.210129107,0.107967926
1,Google,2015/12/7,2012.37,738.87,-0.037921465,-0.03643667,0.29,-0.382775111,-0.395025837,-0.685025837,-0.672775111
1,Google,2015/12/14,2005.55,739.31,-0.003389012,0.000595508,0.26,0.007769326,-0.043172333,-0.303172333,-0.252230674
1,Google,2015/12/21,2060.99,748.4,0.02764326,0.012295283,0.24,0.172178554,0.425446481,0.185446481,-0.067821446
1,Google,2015/12/28,2043.94,758.88,-0.008272747,0.014003181,0.23,0.198149819,-0.102366146,-0.332366146,-0.031850181
1,Google,2016/1/4,1922.03,714.47,-0.059644567,-0.058520496,0.22,-0.543394321,-0.550430857,-0.770430857,-0.763394321
1,Google,2016/1/11,1880.33,694.45,-0.021695849,-0.028020714,0.21,-0.308899629,-0.248099019,-0.458099019,-0.518899629
1,Google,2016/1/19,1906.9,725.25,0.014130535,0.044351627,0.26,0.757954862,0.200107559,-0.059892441,0.497954862
1,Google,2016/1/25,1940.24,742.95,0.017483856,0.024405394,0.31,0.368151325,0.252731083,-0.057268917,0.058151325
1,Google,2016/2/1,1880.05,683.57,-0.031021905,-0.07992463,0.35,-0.661386503,-0.336132402,-0.686132402,-1.011386503
1,Google,2016/2/8,1864.78,682.4,-0.008122135,-0.001711577,0.32,-0.022023428,-0.100592342,-0.420592342,-0.342023428
1,Google,2016/2/16,1917.78,700.91,0.028421583,0.027124778,0.3,0.416125292,0.439545417,0.139545417,0.116125292
1,Google,2016/2/22,1948.05,705.07,0.015783885,0.00593519,0.33,0.079965828,0.225793015,-0.104206985,-0.250034172
1,Google,2016/2/29,1999.99,710.89,0.026662529,0.008254511,0.33,0.112787552,0.407862526,0.077862526,-0.217212448
1,Google,2016/3/7,2022.19,726.82,0.011100031,0.022408518,0.32,0.333883707,0.154313057,-0.165686943,0.013883707
1,Google,2016/3/14,2049.58,737.6,0.013544789,0.01483169,0.34,0.210938997,0.191127596,-0.148872404,-0.129061003
1,Google,2016/3/21,2035.94,735.3,-0.006655089,-0.003118205,0.31,-0.039786859,-0.083144435,-0.393144435,-0.349786859
1,Google,2016/3/28,2072.78,749.91,0.01809488,0.019869421,0.29,0.291455409,0.262546243,-0.027453757,0.001455409
1,Google,2016/4/4,2047.6,739.15,-0.012147962,-0.014348321,0.23,-0.171285269,-0.146910293,-0.376910293,-0.401285269
1,Google,2016/4/11,2080.73,759,0.01617992,0.026855138,0.23,0.411300016,0.232020447,0.002020447,0.181300016
1,Google,2016/4/18,2091.58,718.77,0.005214563,-0.053003926,0.22,-0.507363801,0.069951355,-0.150048645,-0.727363801
1,Google,2016/4/25,2065.3,693.01,-0.012564677,-0.035839016,0.25,-0.377779677,-0.15157674,-0.40157674,-0.627779677
2,ebay,2015/5/4,2116.1,24.76,0.003704452,-0.008094427,0.02,-0.100265664,0.049242942,0.029242942,-0.120265664
2,ebay,2015/5/11,2122.73,25,0.003133066,0.010030663,0.02,0.138542536,0.041504379,0.021504379,0.118542536
2,ebay,2015/5/18,2126.06,25.13,0.001568772,0.005217921,0.02,0.069997822,0.020587106,0.000587106,0.049997822
2,ebay,2015/5/26,2107.39,25.82,-0.00878158,0.027461539,0.02,0.422173103,-0.108334975,-0.128334975,0.402173103
2,ebay,2015/6/1,2092.83,26.61,-0.006908933,0.0304758,0.02,0.477377099,-0.086185637,-0.106185637,0.457377099
2,ebay,2015/6/8,2094.11,25.26,0.000611626,-0.050767039,0.02,-0.492020095,0.007980382,-0.012019618,-0.512020095
2,ebay,2015/6/15,2109.99,25.74,0.007583118,0.019160291,0.02,0.279830406,0.10319293,0.08319293,0.259830406
2,ebay,2015/6/22,2101.49,25.69,-0.004028455,-0.002125232,0.01,-0.027278451,-0.051122606,-0.061122606,-0.037278451
2,ebay,2015/6/29,2076.78,26.03,-0.011758305,0.013270023,0.02,0.186936618,-0.142525422,-0.162525422,0.166936618
2,ebay,2015/7/6,2076.62,26.25,-0.000077,0.008407429,0.02,0.114983587,-0.001000538,-0.021000538,0.094983587
2,ebay,2015/7/13,2126.64,27.9,0.024087109,0.062850743,0.02,1.208714825,0.362635477,0.342635477,1.188714825
2,ebay,2015/7/20,2079.65,28.23,-0.022095885,0.01183405,0.04,0.165254453,-0.252086182,-0.292086182,0.125254453
2,ebay,2015/7/27,2103.84,28.12,0.011631855,-0.003896529,0.05,-0.049487364,0.16223099,0.11223099,-0.099487364
2,ebay,2015/8/3,2077.57,28.55,-0.0124867,0.015291536,0.08,0.218091616,-0.150705336,-0.230705336,0.138091616
2,ebay,2015/8/10,2091.54,28.26,0.006724188,-0.010157584,0.12,-0.124293085,0.091029624,-0.028970376,-0.244293085
2,ebay,2015/8/17,1970.89,25.77,-0.057684779,-0.088110403,0.1,-0.698526324,-0.538097108,-0.638097108,-0.798526324
2,ebay,2015/8/24,1988.87,27.25,0.009122772,0.057431121,0.06,1.066698586,0.125309762,0.065309762,1.006698586
2,ebay,2015/8/31,1921.22,26.48,-0.034014302,-0.028256881,0.08,-0.311079414,-0.362296128,-0.442296128,-0.391079414
2,ebay,2015/9/8,1961.05,26.32,0.020731659,-0.006042296,0.06,-0.075764268,0.305721652,0.245721652,-0.135764268
2,ebay,2015/9/14,1958.03,26.02,-0.001540001,-0.011398176,0.07,-0.138454345,-0.019836068,-0.089836068,-0.208454345
2,ebay,2015/9/21,1931.34,25.33,-0.01363108,-0.026518063,0.01,-0.294880592,-0.163411419,-0.173411419,-0.304880592
2,ebay,2015/9/28,1951.36,25.53,0.01036587,0.007895815,0.01,0.107652023,0.143464474,0.133464474,0.097652023
2,ebay,2015/10/5,2014.89,24.3,0.032556797,-0.04817869,0.01,-0.473715584,0.516635957,0.506635957,-0.483715584
2,ebay,2015/10/12,2033.11,24.55,0.009042662,0.010288066,0.01,0.142320309,0.124148978,0.114148978,0.132320309
2,ebay,2015/10/19,2075.15,28.16,0.02067764,0.14704689,0.02,4.950524294,0.304823621,0.284823621,4.930524294
2,ebay,2015/10/26,2079.36,27.9,0.002028868,-0.009232955,0.02,-0.113599109,0.026698756,0.006698756,-0.133599109
2,ebay,2015/11/2,2099.2,29.4,0.009541322,0.053763441,0.08,0.975425491,0.13139251,0.05139251,0.895425491
2,ebay,2015/11/9,2023.04,28.19,-0.036280447,-0.041156429,0.14,-0.42094357,-0.381472922,-0.521472922,-0.56094357
2,ebay,2015/11/16,2089.17,29.06,0.032688371,0.030861936,0.15,0.484590065,0.519150233,0.369150233,0.334590065
2,ebay,2015/11/23,2090.11,29.1,0.000450028,0.001376497,0.14,0.018043,0.005866187,-0.134133813,-0.121957
2,ebay,2015/11/30,2091.69,29.35,0.000755862,0.008591065,0.22,0.117626045,0.009870893,-0.210129107,-0.102373955
2,ebay,2015/12/7,2012.37,27.97,-0.037921465,-0.047018773,0.29,-0.465316859,-0.395025837,-0.685025837,-0.755316859
2,ebay,2015/12/14,2005.55,27.46,-0.003389012,-0.018233823,0.26,-0.212764158,-0.043172333,-0.303172333,-0.472764158
2,ebay,2015/12/21,2060.99,27.66,0.02764326,0.007283358,0.24,0.098933882,0.425446481,0.185446481,-0.141066118
2,ebay,2015/12/28,2043.94,27.48,-0.008272747,-0.006507592,0.23,-0.081373044,-0.102366146,-0.332366146,-0.311373044
2,ebay,2016/1/4,1922.03,25.75,-0.059644567,-0.062954876,0.22,-0.570575749,-0.550430857,-0.770430857,-0.790575749
2,ebay,2016/1/11,1880.33,25.26,-0.021695849,-0.019029126,0.21,-0.221014331,-0.248099019,-0.458099019,-0.431014331
2,ebay,2016/1/19,1906.9,26.43,0.014130535,0.04631829,0.26,0.80148073,0.200107559,-0.059892441,0.54148073
2,ebay,2016/1/25,1940.24,23.46,0.017483856,-0.112372342,0.31,-0.787675192,0.252731083,-0.057268917,-1.097675192
2,ebay,2016/2/1,1880.05,23.2,-0.031021905,-0.011082609,0.35,-0.13487236,-0.336132402,-0.686132402,-0.48487236
2,ebay,2016/2/8,1864.78,22.49,-0.008122135,-0.03060349,0.32,-0.332396086,-0.100592342,-0.420592342,-0.652396086
2,ebay,2016/2/16,1917.78,23.81,0.028421583,0.058692708,0.3,1.0989833,0.439545417,0.139545417,0.7989833
2,ebay,2016/2/22,1948.05,24.18,0.015783885,0.015539732,0.33,0.221968336,0.225793015,-0.104206985,-0.108031664
2,ebay,2016/2/29,1999.99,24.41,0.026662529,0.009511993,0.33,0.130965288,0.407862526,0.077862526,-0.199034712
2,ebay,2016/3/7,2022.19,24.02,0.011100031,-0.015977059,0.32,-0.188912133,0.154313057,-0.165686943,-0.508912133
2,ebay,2016/3/14,2049.58,23.77,0.013544789,-0.010407993,0.34,-0.127168674,0.191127596,-0.148872404,-0.467168674
2,ebay,2016/3/21,2035.94,24.33,-0.006655089,0.023559108,0.31,0.35353052,-0.083144435,-0.393144435,0.04353052
2,ebay,2016/3/28,2072.78,23.88,0.01809488,-0.018495725,0.29,-0.215489895,0.262546243,-0.027453757,-0.505489895
2,ebay,2016/4/4,2047.6,24.07,-0.012147962,0.007956491,0.23,0.108519194,-0.146910293,-0.376910293,-0.121480806
2,ebay,2016/4/11,2080.73,25.22,0.01617992,0.047777275,0.23,0.834411117,0.232020447,0.002020447,0.604411117
2,ebay,2016/4/18,2091.58,24.4,0.005214563,-0.03251384,0.22,-0.34929837,0.069951355,-0.150048645,-0.56929837
2,ebay,2016/4/25,2065.3,24.43,-0.012564677,0.001229508,0.25,0.016102049,-0.15157674,-0.40157674,-0.233897951
3,facebook,2015/5/4,2116.1,78.51,0.003704452,-0.006076668,0.02,-0.076179674,0.049242942,0.029242942,-0.096179674
3,facebook,2015/5/11,2122.73,80.42,0.003133066,0.024328059,0.02,0.366809225,0.041504379,0.021504379,0.346809225
3,facebook,2015/5/18,2126.06,80.54,0.001568772,0.001492203,0.02,0.019573273,0.020587106,0.000587106,-0.000426727
3,facebook,2015/5/26,2107.39,79.19,-0.00878158,-0.016761845,0.02,-0.197281261,-0.108334975,-0.128334975,-0.217281261
3,facebook,2015/6/1,2092.83,82.14,-0.006908933,0.037252139,0.02,0.608779073,-0.086185637,-0.106185637,0.588779073
3,facebook,2015/6/8,2094.11,81.53,0.000611626,-0.007426345,0.02,-0.092355729,0.007980382,-0.012019618,-0.112355729
3,facebook,2015/6/15,2109.99,82.51,0.007583118,0.012020152,0.02,0.168043688,0.10319293,0.08319293,0.148043688
3,facebook,2015/6/22,2101.49,88.01,-0.004028455,0.066658585,0.01,1.313825647,-0.051122606,-0.061122606,1.303825647
3,facebook,2015/6/29,2076.78,87.29,-0.011758305,-0.0081809,0.02,-0.10128482,-0.142525422,-0.162525422,-0.12128482
3,facebook,2015/7/6,2076.62,87.95,-0.000077,0.007560958,0.02,0.102877556,-0.001000538,-0.021000538,0.082877556
3,facebook,2015/7/13,2126.64,94.97,0.024087109,0.079818127,0.02,1.713675905,0.362635477,0.342635477,1.693675905
3,facebook,2015/7/20,2079.65,96.95,-0.022095885,0.020848647,0.04,0.307668456,-0.252086182,-0.292086182,0.267668456
3,facebook,2015/7/27,2103.84,94.01,0.011631855,-0.030324859,0.05,-0.329897241,0.16223099,0.11223099,-0.379897241
3,facebook,2015/8/3,2077.57,94.3,-0.0124867,0.003084789,0.08,0.04085296,-0.150705336,-0.230705336,-0.03914704
3,facebook,2015/8/10,2091.54,94.42,0.006724188,0.001272481,0.12,0.016669142,0.091029624,-0.028970376,-0.103330858
3,facebook,2015/8/17,1970.89,86.06,-0.057684779,-0.088540565,0.1,-0.700369869,-0.538097108,-0.638097108,-0.800369869
3,facebook,2015/8/24,1988.87,91.01,0.009122772,0.057518059,0.06,1.068908586,0.125309762,0.065309762,1.008908586
3,facebook,2015/8/31,1921.22,88.26,-0.034014302,-0.030216459,0.08,-0.328922747,-0.362296128,-0.442296128,-0.408922747
3,facebook,2015/9/8,1961.05,92.05,0.020731659,0.04294132,0.06,0.727342115,0.305721652,0.245721652,0.667342115
3,facebook,2015/9/14,1958.03,94.4,-0.001540001,0.025529592,0.07,0.387798954,-0.019836068,-0.089836068,0.317798954
3,facebook,2015/9/21,1931.34,92.77,-0.01363108,-0.017267002,0.01,-0.202626118,-0.163411419,-0.173411419,-0.212626118
3,facebook,2015/9/28,1951.36,92.07,0.01036587,-0.007545511,0.01,-0.093771313,0.143464474,0.133464474,-0.103771313
3,facebook,2015/10/5,2014.89,93.24,0.032556797,0.012707701,0.01,0.178401978,0.516635957,0.506635957,0.168401978
3,facebook,2015/10/12,2033.11,97.54,0.009042662,0.046117579,0.01,0.796993477,0.124148978,0.114148978,0.786993477
3,facebook,2015/10/19,2075.15,102.19,0.02067764,0.047672759,0.02,0.832033763,0.304823621,0.284823621,0.812033763
3,facebook,2015/10/26,2079.36,101.97,0.002028868,-0.002152862,0.02,-0.027628529,0.026698756,0.006698756,-0.047628529
3,facebook,2015/11/2,2099.2,107.1,0.009541322,0.050308884,0.08,0.892873131,0.13139251,0.05139251,0.812873131
3,facebook,2015/11/9,2023.04,103.95,-0.036280447,-0.029411775,0.14,-0.321647801,-0.381472922,-0.521472922,-0.461647801
3,facebook,2015/11/16,2089.17,107.32,0.032688371,0.032419462,0.15,0.514015691,0.519150233,0.369150233,0.364015691
3,facebook,2015/11/23,2090.11,105.45,0.000450028,-0.017424553,0.14,-0.204286367,0.005866187,-0.134133813,-0.344286367
3,facebook,2015/11/30,2091.69,106.18,0.000755862,0.006922741,0.22,0.09383028,0.009870893,-0.210129107,-0.12616972
3,facebook,2015/12/7,2012.37,102.12,-0.037921465,-0.038236928,0.29,-0.397599572,-0.395025837,-0.685025837,-0.687599572
3,facebook,2015/12/14,2005.55,104.04,-0.003389012,0.01880139,0.26,0.273983709,-0.043172333,-0.303172333,0.013983709
3,facebook,2015/12/21,2060.99,105.02,0.02764326,0.009419416,0.24,0.129617736,0.425446481,0.185446481,-0.110382264
3,facebook,2015/12/28,2043.94,104.66,-0.008272747,-0.003427852,0.23,-0.043656984,-0.102366146,-0.332366146,-0.273656984
3,facebook,2016/1/4,1922.03,97.33,-0.059644567,-0.070036324,0.22,-0.610903063,-0.550430857,-0.770430857,-0.830903063
3,facebook,2016/1/11,1880.33,94.97,-0.021695849,-0.024247416,0.21,-0.273197804,-0.248099019,-0.458099019,-0.483197804
3,facebook,2016/1/19,1906.9,97.94,0.014130535,0.031273044,0.26,0.492305222,0.200107559,-0.059892441,0.232305222
3,facebook,2016/1/25,1940.24,112.21,0.017483856,0.145701416,0.31,4.860421433,0.252731083,-0.057268917,4.550421433
3,facebook,2016/2/1,1880.05,104.07,-0.031021905,-0.072542546,0.35,-0.62431665,-0.336132402,-0.686132402,-0.97431665
3,facebook,2016/2/8,1864.78,102.01,-0.008122135,-0.01979435,0.32,-0.228877066,-0.100592342,-0.420592342,-0.548877066
3,facebook,2016/2/16,1917.78,104.57,0.028421583,0.025095559,0.3,0.380182691,0.439545417,0.139545417,0.080182691
3,facebook,2016/2/22,1948.05,107.92,0.015783885,0.032035938,0.33,0.506720405,0.225793015,-0.104206985,0.176720405
3,facebook,2016/2/29,1999.99,108.39,0.026662529,0.004355087,0.33,0.058119423,0.407862526,0.077862526,-0.271880577
3,facebook,2016/3/7,2022.19,109.41,0.011100031,0.009410508,0.32,0.12948815,0.154313057,-0.165686943,-0.19051185
3,facebook,2016/3/14,2049.58,111.45,0.013544789,0.018645397,0.34,0.271450192,0.191127596,-0.148872404,-0.068549808
3,facebook,2016/3/21,2035.94,113.05,-0.006655089,0.014356268,0.31,0.20358488,-0.083144435,-0.393144435,-0.10641512
3,facebook,2016/3/28,2072.78,116.06,0.01809488,0.026625342,0.29,0.407199741,0.262546243,-0.027453757,0.117199741
3,facebook,2016/4/4,2047.6,110.63,-0.012147962,-0.046786155,0.23,-0.463617696,-0.146910293,-0.376910293,-0.693617696
3,facebook,2016/4/11,2080.73,109.64,0.01617992,-0.00894873,0.23,-0.110287707,0.232020447,0.002020447,-0.340287707
3,facebook,2016/4/18,2091.58,110.56,0.005214563,0.008391089,0.22,0.11474874,0.069951355,-0.150048645,-0.10525126
3,facebook,2016/4/25,2065.3,117.58,-0.012564677,0.063494972,0.25,1.226182338,-0.15157674,-0.40157674,0.976182338
4,yahoo,2015/5/4,2116.1,44.09,0.003704452,0.037167774,0.02,0.60707885,0.049242942,0.029242942,0.58707885
4,yahoo,2015/5/11,2122.73,44.75,0.003133066,0.014969381,0.02,0.213076618,0.041504379,0.021504379,0.193076618
4,yahoo,2015/5/18,2126.06,43.49,0.001568772,-0.02815638,0.02,-0.310152582,0.020587106,0.000587106,-0.330152582
4,yahoo,2015/5/26,2107.39,42.94,-0.00878158,-0.012646654,0.02,-0.152491955,-0.108334975,-0.128334975,-0.172491955
4,yahoo,2015/6/1,2092.83,42.81,-0.006908933,-0.003027434,0.02,-0.03864962,-0.086185637,-0.106185637,-0.05864962
4,yahoo,2015/6/8,2094.11,40.53,0.000611626,-0.05325863,0.02,-0.509083516,0.007980382,-0.012019618,-0.529083516
4,yahoo,2015/6/15,2109.99,40.51,0.007583118,-0.000493486,0.02,-0.006396357,0.10319293,0.08319293,-0.026396357
4,yahoo,2015/6/22,2101.49,40.06,-0.004028455,-0.011108295,0.01,-0.135164434,-0.051122606,-0.061122606,-0.145164434
4,yahoo,2015/6/29,2076.78,39.38,-0.011758305,-0.016974538,0.02,-0.199535695,-0.142525422,-0.162525422,-0.219535695
4,yahoo,2015/7/6,2076.62,37.92,-0.000077,-0.037074732,0.02,-0.388067414,-0.001000538,-0.021000538,-0.408067414
4,yahoo,2015/7/13,2126.64,39.68,0.024087109,0.046413557,0.02,0.803614212,0.362635477,0.342635477,0.783614212
4,yahoo,2015/7/20,2079.65,38.85,-0.022095885,-0.020917389,0.04,-0.240283803,-0.252086182,-0.292086182,-0.280283803
4,yahoo,2015/7/27,2103.84,36.67,0.011631855,-0.056113259,0.05,-0.527982053,0.16223099,0.11223099,-0.577982053
4,yahoo,2015/8/3,2077.57,36.67,-0.0124867,0,0.08,0,-0.150705336,-0.230705336,-0.08
4,yahoo,2015/8/10,2091.54,36.24,0.006724188,-0.011726098,0.12,-0.142162063,0.091029624,-0.028970376,-0.262162063
4,yahoo,2015/8/17,1970.89,32.93,-0.057684779,-0.091335591,0.1,-0.712097305,-0.538097108,-0.638097108,-0.812097305
4,yahoo,2015/8/24,1988.87,33.14,0.009122772,0.006377133,0.06,0.086150188,0.125309762,0.065309762,0.026150188
4,yahoo,2015/8/31,1921.22,31.58,-0.034014302,-0.047072995,0.08,-0.46571221,-0.362296128,-0.442296128,-0.54571221
4,yahoo,2015/9/8,1961.05,31.43,0.020731659,-0.004749842,0.06,-0.060018475,0.305721652,0.245721652,-0.120018475
4,yahoo,2015/9/14,1958.03,30.74,-0.001540001,-0.021953548,0.07,-0.25066975,-0.019836068,-0.089836068,-0.32066975
4,yahoo,2015/9/21,1931.34,29.13,-0.01363108,-0.052374789,0.01,-0.503092122,-0.163411419,-0.173411419,-0.513092122
4,yahoo,2015/9/28,1951.36,30.71,0.01036587,0.054239617,0.01,0.987061558,0.143464474,0.133464474,0.977061558
4,yahoo,2015/10/5,2014.89,32.52,0.032556797,0.058938491,0.01,1.105326951,0.516635957,0.506635957,1.095326951
4,yahoo,2015/10/12,2033.11,33.37,0.009042662,0.026137731,0.01,0.398535643,0.124148978,0.114148978,0.388535643
4,yahoo,2015/10/19,2075.15,33.17,0.02067764,-0.005993437,0.02,-0.075173481,0.304823621,0.284823621,-0.095173481
4,yahoo,2015/10/26,2079.36,35.62,0.002028868,0.073861958,0.02,1.525398677,0.026698756,0.006698756,1.505398677
4,yahoo,2015/11/2,2099.2,34.2,0.009541322,-0.039865189,0.08,-0.410723928,0.13139251,0.05139251,-0.490723928
4,yahoo,2015/11/9,2023.04,32.19,-0.036280447,-0.058771987,0.14,-0.544977392,-0.381472922,-0.521472922,-0.684977392
4,yahoo,2015/11/16,2089.17,33.11,0.032688371,0.028580367,0.15,0.442437473,0.519150233,0.369150233,0.292437473
4,yahoo,2015/11/23,2090.11,32.94,0.000450028,-0.005134461,0.14,-0.064729923,0.005866187,-0.134133813,-0.204729923
4,yahoo,2015/11/30,2091.69,34.91,0.000755862,0.05980574,0.22,1.127852283,0.009870893,-0.210129107,0.907852283
4,yahoo,2015/12/7,2012.37,32.91,-0.037921465,-0.057290175,0.29,-0.535576236,-0.395025837,-0.685025837,-0.825576236
4,yahoo,2015/12/14,2005.55,32.95,-0.003389012,0.001215466,0.26,0.015916807,-0.043172333,-0.303172333,-0.244083193
4,yahoo,2015/12/21,2060.99,34.11,0.02764326,0.035204855,0.24,0.567984992,0.425446481,0.185446481,0.327984992
4,yahoo,2015/12/28,2043.94,33.26,-0.008272747,-0.024919466,0.23,-0.279678588,-0.102366146,-0.332366146,-0.509678588
4,yahoo,2016/1/4,1922.03,30.63,-0.059644567,-0.079073937,0.22,-0.657293823,-0.550430857,-0.770430857,-0.877293823
4,yahoo,2016/1/11,1880.33,29.14,-0.021695849,-0.048645121,0.21,-0.477058453,-0.248099019,-0.458099019,-0.687058453
4,yahoo,2016/1/19,1906.9,29.75,0.014130535,0.02093346,0.26,0.30908151,0.200107559,-0.059892441,0.04908151
4,yahoo,2016/1/25,1940.24,29.51,0.017483856,-0.008067227,0.31,-0.099944869,0.252731083,-0.057268917,-0.409944869
4,yahoo,2016/2/1,1880.05,27.97,-0.031021905,-0.052185734,0.35,-0.501801821,-0.336132402,-0.686132402,-0.851801821
4,yahoo,2016/2/8,1864.78,27.04,-0.008122135,-0.03324984,0.32,-0.355704224,-0.100592342,-0.420592342,-0.675704224
4,yahoo,2016/2/16,1917.78,30.04,0.028421583,0.110946741,0.3,2.926558848,0.439545417,0.139545417,2.626558848
4,yahoo,2016/2/22,1948.05,31.37,0.015783885,0.044274299,0.33,0.756263454,0.225793015,-0.104206985,0.426263454
4,yahoo,2016/2/29,1999.99,33.86,0.026662529,0.079375197,0.33,1.69924089,0.407862526,0.077862526,1.36924089
4,yahoo,2016/3/7,2022.19,33.81,0.011100031,-0.001476669,0.32,-0.019027532,0.154313057,-0.165686943,-0.339027532
4,yahoo,2016/3/14,2049.58,35.17,0.013544789,0.040224696,0.34,0.669756267,0.191127596,-0.148872404,0.329756267
4,yahoo,2016/3/21,2035.94,34.86,-0.006655089,-0.008814246,0.31,-0.108716906,-0.083144435,-0.393144435,-0.418716906
4,yahoo,2016/3/28,2072.78,36.48,0.01809488,0.046471571,0.29,0.804914564,0.262546243,-0.027453757,0.514914564
4,yahoo,2016/4/4,2047.6,36.07,-0.012147962,-0.011239035,0.23,-0.136649659,-0.146910293,-0.376910293,-0.366649659
4,yahoo,2016/4/11,2080.73,36.51,0.01617992,0.012198447,0.23,0.170721695,0.232020447,0.002020447,-0.059278305
4,yahoo,2016/4/18,2091.58,37.48,0.005214563,0.02656812,0.22,0.406180435,0.069951355,-0.150048645,0.186180435
4,yahoo,2016/4/25,2065.3,36.6,-0.012564677,-0.023479242,0.25,-0.265724168,-0.15157674,-0.40157674,-0.515724168
5,western union,2015/5/4,2116.1,21.23,0.003704452,0.031999985,0.02,0.506038183,0.049242942,0.029242942,0.486038183
5,western union,2015/5/11,2122.73,21.01,0.003133066,-0.010031951,0.02,-0.122847077,0.041504379,0.021504379,-0.142847077
5,western union,2015/5/18,2126.06,21.84,0.001568772,0.039152519,0.02,0.647520516,0.020587106,0.000587106,0.627520516
5,western union,2015/5/26,2107.39,21.25,-0.00878158,-0.02703895,0.02,-0.29976968,-0.108334975,-0.128334975,-0.31976968
5,western union,2015/6/1,2092.83,21.06,-0.006908933,-0.008656089,0.02,-0.106866325,-0.086185637,-0.106185637,-0.126866325
5,western union,2015/6/8,2094.11,20.93,0.000611626,-0.006281172,0.02,-0.078647666,0.007980382,-0.012019618,-0.098647666
5,western union,2015/6/15,2109.99,20.76,0.007583118,-0.007917995,0.02,-0.098182957,0.10319293,0.08319293,-0.118182957
5,western union,2015/6/22,2101.49,20.09,-0.004028455,-0.032394375,0.01,-0.348253066,-0.051122606,-0.061122606,-0.358253066
5,western union,2015/6/29,2076.78,18.51,-0.011758305,-0.078602562,0.02,-0.655006427,-0.142525422,-0.162525422,-0.675006427
5,western union,2015/7/6,2076.62,18.55,-0.000077,0.002106367,0.02,0.027731527,-0.001000538,-0.021000538,0.007731527
5,western union,2015/7/13,2126.64,18.72,0.024087109,0.008933228,0.02,0.122565079,0.362635477,0.342635477,0.102565079
5,western union,2015/7/20,2079.65,18.18,-0.022095885,-0.028645833,0.04,-0.314655552,-0.252086182,-0.292086182,-0.354655552
5,western union,2015/7/27,2103.84,19.73,0.011631855,0.085254725,0.05,1.896755963,0.16223099,0.11223099,1.846755963
5,western union,2015/8/3,2077.57,19.89,-0.0124867,0.00790512,0.08,0.107784968,-0.150705336,-0.230705336,0.027784968
5,western union,2015/8/10,2091.54,19.84,0.006724188,-0.002450962,0.12,-0.031398128,0.091029624,-0.028970376,-0.151398128
5,western union,2015/8/17,1970.89,18.27,-0.057684779,-0.07911553,0.1,-0.657494983,-0.538097108,-0.638097108,-0.757494983
5,western union,2015/8/24,1988.87,18.09,0.009122772,-0.009605128,0.06,-0.117917961,0.125309762,0.065309762,-0.177917961
5,western union,2015/8/31,1921.22,17.79,-0.034014302,-0.016702561,0.08,-0.196651838,-0.362296128,-0.442296128,-0.276651838
5,western union,2015/9/8,1961.05,17.85,0.020731659,0.003287635,0.06,0.043592568,0.305721652,0.245721652,-0.016407432
5,western union,2015/9/14,1958.03,18.27,-0.001540001,0.023409545,0.07,0.350961651,-0.019836068,-0.089836068,0.280961651
5,western union,2015/9/21,1931.34,17.9,-0.01363108,-0.019913914,0.01,-0.230098957,-0.163411419,-0.173411419,-0.240098957
5,western union,2015/9/28,1951.36,18.24,0.01036587,0.018671061,0.01,0.271866687,0.143464474,0.133464474,0.261866687
5,western union,2015/10/5,2014.89,18.81,0.032556797,0.031266794,0.01,0.492187654,0.516635957,0.506635957,0.482187654
5,western union,2015/10/12,2033.11,18.76,0.009042662,-0.002613616,0.01,-0.033449264,0.124148978,0.114148978,-0.043449264
5,western union,2015/10/19,2075.15,19.43,0.02067764,0.035639468,0.02,0.576564373,0.304823621,0.284823621,0.556564373
5,western union,2015/10/26,2079.36,18.93,0.002028868,-0.025809794,0.02,-0.28818216,0.026698756,0.006698756,-0.30818216
5,western union,2015/11/2,2099.2,19.53,0.009541322,0.031688341,0.08,0.500136557,0.13139251,0.05139251,0.420136557
5,western union,2015/11/9,2023.04,18.24,-0.036280447,-0.065961761,0.14,-0.588148613,-0.381472922,-0.521472922,-0.728148613
5,western union,2015/11/16,2089.17,18.74,0.032688371,0.027493291,0.15,0.422744557,0.519150233,0.369150233,0.272744557
5,western union,2015/11/23,2090.11,18.46,0.000450028,-0.014690452,0.14,-0.175017024,0.005866187,-0.134133813,-0.315017024
5,western union,2015/11/30,2091.69,18.6,0.000755862,0.007454685,0.22,0.101366267,0.009870893,-0.210129107,-0.118633733
5,western union,2015/12/7,2012.37,17.97,-0.037921465,-0.033826588,0.29,-0.360683275,-0.395025837,-0.685025837,-0.650683275
5,western union,2015/12/14,2005.55,17.65,-0.003389012,-0.0178662,0.26,-0.208923384,-0.043172333,-0.303172333,-0.468923384
5,western union,2015/12/21,2060.99,18.35,0.02764326,0.039325836,0.24,0.651096295,0.425446481,0.185446481,0.411096295
5,western union,2015/12/28,2043.94,17.76,-0.008272747,-0.031891914,0.23,-0.343839598,-0.102366146,-0.332366146,-0.573839598
5,western union,2016/1/4,1922.03,16.77,-0.059644567,-0.055834729,0.22,-0.526168113,-0.550430857,-0.770430857,-0.746168113
5,western union,2016/1/11,1880.33,16.5,-0.021695849,-0.015966871,0.21,-0.188802958,-0.248099019,-0.458099019,-0.398802958
5,western union,2016/1/19,1906.9,17.26,0.014130535,0.046273995,0.26,0.800489548,0.200107559,-0.059892441,0.540489548
5,western union,2016/1/25,1940.24,17.69,0.017483856,0.024698572,0.31,0.373250301,0.252731083,-0.057268917,0.063250301
5,western union,2016/2/1,1880.05,17.41,-0.031021905,-0.015695097,0.35,-0.185885614,-0.336132402,-0.686132402,-0.535885614
5,western union,2016/2/8,1864.78,17.41,-0.008122135,0,0.32,0,-0.100592342,-0.420592342,-0.32
5,western union,2016/2/16,1917.78,18.04,0.028421583,0.03587702,0.3,0.58127201,0.439545417,0.139545417,0.28127201
5,western union,2016/2/22,1948.05,18.31,0.015783885,0.014843252,0.33,0.21111836,0.225793015,-0.104206985,-0.11888164
5,western union,2016/2/29,1999.99,19.09,0.026662529,0.042795223,0.33,0.72419916,0.407862526,0.077862526,0.39419916
5,western union,2016/3/7,2022.19,18.95,0.011100031,-0.007272663,0.32,-0.090527111,0.154313057,-0.165686943,-0.410527111
5,western union,2016/3/14,2049.58,19.13,0.013544789,0.00950305,0.34,0.130835049,0.191127596,-0.148872404,-0.209164951
5,western union,2016/3/21,2035.94,18.78,-0.006655089,-0.018295767,0.31,-0.213409626,-0.083144435,-0.393144435,-0.523409626
5,western union,2016/3/28,2072.78,19.49,0.01809488,0.037806122,0.29,0.619984903,0.262546243,-0.027453757,0.329984903
5,western union,2016/4/4,2047.6,19.6,-0.012147962,0.00564392,0.23,0.075907709,-0.146910293,-0.376910293,-0.154092291
5,western union,2016/4/11,2080.73,19.99,0.01617992,0.019897959,0.23,0.291925275,0.232020447,0.002020447,0.061925275
5,western union,2016/4/18,2091.58,20.07,0.005214563,0.004002001,0.22,0.053293778,0.069951355,-0.150048645,-0.166706222
5,western union,2016/4/25,2065.3,20,-0.012564677,-0.003487793,0.25,-0.044404492,-0.15157674,-0.40157674,-0.294404492
6,verisign,2015/5/4,2116.1,63.9,0.003704452,-0.003897116,0.02,-0.049494646,0.049242942,0.029242942,-0.069494646
6,verisign,2015/5/11,2122.73,64.09,0.003133066,0.002973302,0.02,0.039350061,0.041504379,0.021504379,0.019350061
6,verisign,2015/5/18,2126.06,64.52,0.001568772,0.006709331,0.02,0.090820327,0.020587106,0.000587106,0.070820327
6,verisign,2015/5/26,2107.39,63.19,-0.00878158,-0.020613733,0.02,-0.237215024,-0.108334975,-0.128334975,-0.257215024
6,verisign,2015/6/1,2092.83,62.65,-0.006908933,-0.008545609,0.02,-0.105571504,-0.086185637,-0.106185637,-0.125571504
6,verisign,2015/6/8,2094.11,62.95,0.000611626,0.004788491,0.02,0.064070677,0.007980382,-0.012019618,0.044070677
6,verisign,2015/6/15,2109.99,64.19,0.007583118,0.019698189,0.02,0.288639454,0.10319293,0.08319293,0.268639454
6,verisign,2015/6/22,2101.49,62.95,-0.004028455,-0.019317666,0.01,-0.223987752,-0.051122606,-0.061122606,-0.233987752
6,verisign,2015/6/29,2076.78,62.87,-0.011758305,-0.001270882,0.02,-0.01639607,-0.142525422,-0.162525422,-0.03639607
6,verisign,2015/7/6,2076.62,63.19,-0.000077,0.005089868,0.02,0.068227208,-0.001000538,-0.021000538,0.048227208
6,verisign,2015/7/13,2126.64,65.02,0.024087109,0.028960247,0.02,0.449378299,0.362635477,0.342635477,0.429378299
6,verisign,2015/7/20,2079.65,67.73,-0.022095885,0.041679577,0.04,0.700371997,-0.252086182,-0.292086182,0.660371997
6,verisign,2015/7/27,2103.84,70.94,0.011631855,0.047394048,0.05,0.82570801,0.16223099,0.11223099,0.77570801
6,verisign,2015/8/3,2077.57,70.9,-0.0124867,-0.000563857,0.08,-0.007305393,-0.150705336,-0.230705336,-0.087305393
6,verisign,2015/8/10,2091.54,71.09,0.006724188,0.002679746,0.12,0.03540236,0.091029624,-0.028970376,-0.08459764
6,verisign,2015/8/17,1970.89,67.81,-0.057684779,-0.046138672,0.1,-0.458861863,-0.538097108,-0.638097108,-0.558861863
6,verisign,2015/8/24,1988.87,69.55,0.009122772,0.025660007,0.06,0.390095,0.125309762,0.065309762,0.330095
6,verisign,2015/8/31,1921.22,67.13,-0.034014302,-0.034795196,0.08,-0.3689654,-0.362296128,-0.442296128,-0.4489654
6,verisign,2015/9/8,1961.05,69.16,0.020731659,0.030239939,0.06,0.472987178,0.305721652,0.245721652,0.412987178
6,verisign,2015/9/14,1958.03,69.95,-0.001540001,0.011422686,0.07,0.159110866,-0.019836068,-0.089836068,0.089110866
6,verisign,2015/9/21,1931.34,69.31,-0.01363108,-0.009149379,0.01,-0.112626578,-0.163411419,-0.173411419,-0.122626578
6,verisign,2015/9/28,1951.36,73.31,0.01036587,0.057711732,0.01,1.073839679,0.143464474,0.133464474,1.063839679
6,verisign,2015/10/5,2014.89,75.07,0.032556797,0.024007667,0.01,0.361261959,0.516635957,0.506635957,0.351261959
6,verisign,2015/10/12,2033.11,74.67,0.009042662,-0.005328387,0.01,-0.067097174,0.124148978,0.114148978,-0.077097174
6,verisign,2015/10/19,2075.15,80.18,0.02067764,0.073791377,0.02,1.523241721,0.304823621,0.284823621,1.503241721
6,verisign,2015/10/26,2079.36,80.6,0.002028868,0.005238189,0.02,0.070278319,0.026698756,0.006698756,0.050278319
6,verisign,2015/11/2,2099.2,82.51,0.009541322,0.023697321,0.08,0.355908451,0.13139251,0.05139251,0.275908451
6,verisign,2015/11/9,2023.04,81.56,-0.036280447,-0.011513804,0.14,-0.139763402,-0.381472922,-0.521472922,-0.279763402
6,verisign,2015/11/16,2089.17,90.3,0.032688371,0.107160437,0.15,2.75610098,0.519150233,0.369150233,2.60610098
6,verisign,2015/11/23,2090.11,89.3,0.000450028,-0.011074197,0.14,-0.134776688,0.005866187,-0.134133813,-0.274776688
6,verisign,2015/11/30,2091.69,93.12,0.000755862,0.042777154,0.22,0.723810812,0.009870893,-0.210129107,0.503810812
6,verisign,2015/12/7,2012.37,89.04,-0.037921465,-0.043814453,0.29,-0.441467725,-0.395025837,-0.685025837,-0.731467725
6,verisign,2015/12/14,2005.55,86.44,-0.003389012,-0.029200348,0.26,-0.319724303,-0.043172333,-0.303172333,-0.579724303
6,verisign,2015/12/21,2060.99,87.78,0.02764326,0.015502047,0.24,0.221378979,0.425446481,0.185446481,-0.018621021
6,verisign,2015/12/28,2043.94,87.36,-0.008272747,-0.004784666,0.23,-0.060445957,-0.102366146,-0.332366146,-0.290445957
6,verisign,2016/1/4,1922.03,78.15,-0.059644567,-0.105425812,0.22,-0.765029837,-0.550430857,-0.770430857,-0.985029837
6,verisign,2016/1/11,1880.33,74.25,-0.021695849,-0.049904055,0.21,-0.485983525,-0.248099019,-0.458099019,-0.695983525
6,verisign,2016/1/19,1906.9,75.21,0.014130535,0.012929279,0.26,0.181758191,0.200107559,-0.059892441,-0.078241809
6,verisign,2016/1/25,1940.24,75.6,0.017483856,0.005185467,0.31,0.069548818,0.252731083,-0.057268917,-0.240451182
6,verisign,2016/2/1,1880.05,75.67,-0.031021905,0.000925926,0.35,0.012104138,-0.336132402,-0.686132402,-0.337895862
6,verisign,2016/2/8,1864.78,76.97,-0.008122135,0.0171799,0.32,0.247874776,-0.100592342,-0.420592342,-0.072125224
6,verisign,2016/2/16,1917.78,80.67,0.028421583,0.048070637,0.3,0.841099246,0.439545417,0.139545417,0.541099246
6,verisign,2016/2/22,1948.05,85.88,0.015783885,0.064584097,0.33,1.256002964,0.225793015,-0.104206985,0.926002964
6,verisign,2016/2/29,1999.99,89.14,0.026662529,0.037959969,0.33,0.62310964,0.407862526,0.077862526,0.29310964
6,verisign,2016/3/7,2022.19,88.26,0.011100031,-0.009872078,0.32,-0.121003788,0.154313057,-0.165686943,-0.441003788
6,verisign,2016/3/14,2049.58,88.56,0.013544789,0.003399003,0.34,0.045099517,0.191127596,-0.148872404,-0.294900483
6,verisign,2016/3/21,2035.94,89.25,-0.006655089,0.007791351,0.31,0.106160508,-0.083144435,-0.393144435,-0.203839492
6,verisign,2016/3/28,2072.78,89.64,0.01809488,0.004369737,0.29,0.058320086,0.262546243,-0.027453757,-0.231679914
6,verisign,2016/4/4,2047.6,89.76,-0.012147962,0.001338722,0.23,0.017543864,-0.146910293,-0.376910293,-0.212456136
6,verisign,2016/4/11,2080.73,88.7,0.01617992,-0.011809325,0.23,-0.14310074,0.232020447,0.002020447,-0.37310074
6,verisign,2016/4/18,2091.58,88.64,0.005214563,-0.000676415,0.22,-0.008757795,0.069951355,-0.150048645,-0.228757795
6,verisign,2016/4/25,2065.3,86.4,-0.012564677,-0.025270725,0.25,-0.28304462,-0.15157674,-0.40157674,-0.53304462
7,netflix,2015/5/4,2116.1,82.09,0.003704452,0.031542312,0.02,0.497378546,0.049242942,0.029242942,0.477378546
7,netflix,2015/5/11,2122.73,87.61,0.003133066,0.067264127,0.02,1.330960196,0.041504379,0.021504379,1.310960196
7,netflix,2015/5/18,2126.06,88.84,0.001568772,0.014056274,0.02,0.198965628,0.020587106,0.000587106,0.178965628
7,netflix,2015/5/26,2107.39,89.15,-0.00878158,0.003521646,0.02,0.046761355,-0.108334975,-0.128334975,0.026761355
7,netflix,2015/6/1,2092.83,90.46,-0.006908933,0.014678071,0.02,0.208558201,-0.086185637,-0.106185637,0.188558201
7,netflix,2015/6/8,2094.11,94.42,0.000611626,0.043760469,0.02,0.745062471,0.007980382,-0.012019618,0.725062471
7,netflix,2015/6/15,2109.99,93.87,0.007583118,-0.005794856,0.02,-0.072768716,0.10319293,0.08319293,-0.092768716
7,netflix,2015/6/22,2101.49,93.09,-0.004028455,-0.008339694,0.01,-0.103153565,-0.051122606,-0.061122606,-0.113153565
7,netflix,2015/6/29,2076.78,94.04,-0.011758305,0.010266771,0.02,0.142007335,-0.142525422,-0.162525422,0.122007335
7,netflix,2015/7/6,2076.62,97.23,-0.000077,0.033859366,0.02,0.541697132,-0.001000538,-0.021000538,0.521697132
7,netflix,2015/7/13,2126.64,114.77,0.024087109,0.180414339,0.02,7.638696045,0.362635477,0.342635477,7.618696045
7,netflix,2015/7/20,2079.65,109.34,-0.022095885,-0.047312025,0.04,-0.467451844,-0.252086182,-0.292086182,-0.507451844
7,netflix,2015/7/27,2103.84,114.31,0.011631855,0.045454565,0.05,0.782243843,0.16223099,0.11223099,0.732243843
7,netflix,2015/8/3,2077.57,123.52,-0.0124867,0.080570371,0.08,1.738354792,-0.150705336,-0.230705336,1.658354792
7,netflix,2015/8/10,2091.54,123.39,0.006724188,-0.001052445,0.12,-0.013595722,0.091029624,-0.028970376,-0.133595722
7,netflix,2015/8/17,1970.89,103.96,-0.057684779,-0.157468192,0.1,-0.892199202,-0.538097108,-0.638097108,-0.992199202
7,netflix,2015/8/24,1988.87,117.63,0.009122772,0.131492864,0.06,3.982802243,0.125309762,0.065309762,3.922802243
7,netflix,2015/8/31,1921.22,98.79,-0.034014302,-0.160163194,0.08,-0.896596855,-0.362296128,-0.442296128,-0.976596855
7,netflix,2015/9/8,1961.05,97.51,0.020731659,-0.012956767,0.06,-0.155945907,0.305721652,0.245721652,-0.215945907
7,netflix,2015/9/14,1958.03,102.62,-0.001540001,0.052404891,0.07,0.942572119,-0.019836068,-0.089836068,0.872572119
7,netflix,2015/9/21,1931.34,102.24,-0.01363108,-0.00370303,0.01,-0.047084209,-0.163411419,-0.173411419,-0.057084209
7,netflix,2015/9/28,1951.36,106.11,0.01036587,0.037852143,0.01,0.620919039,0.143464474,0.133464474,0.610919039
7,netflix,2015/10/5,2014.89,113.33,0.032556797,0.068042606,0.01,1.35316029,0.516635957,0.506635957,1.34316029
7,netflix,2015/10/12,2033.11,98.99,0.009042662,-0.126533166,0.01,-0.827732461,0.124148978,0.114148978,-0.837732461
7,netflix,2015/10/19,2075.15,100.04,0.02067764,0.010607163,0.02,0.147019596,0.304823621,0.284823621,0.127019596
7,netflix,2015/10/26,2079.36,108.38,0.002028868,0.083366613,0.02,1.831918932,0.026698756,0.006698756,1.811918932
7,netflix,2015/11/2,2099.2,114.06,0.009541322,0.052408204,0.08,0.942651619,0.13139251,0.05139251,0.862651619
7,netflix,2015/11/9,2023.04,103.65,-0.036280447,-0.09126772,0.14,-0.711817623,-0.381472922,-0.521472922,-0.851817623
7,netflix,2015/11/16,2089.17,123.84,0.032688371,0.194790098,0.15,9.110927369,0.519150233,0.369150233,8.960927369
7,netflix,2015/11/23,2090.11,125.44,0.000450028,0.012919946,0.14,0.181616648,0.005866187,-0.134133813,0.041616648
7,netflix,2015/11/30,2091.69,130.93,0.000755862,0.043765871,0.22,0.745179886,0.009870893,-0.210129107,0.525179886
7,netflix,2015/12/7,2012.37,118.91,-0.037921465,-0.091804702,0.29,-0.714023571,-0.395025837,-0.685025837,-1.004023571
7,netflix,2015/12/14,2005.55,118.02,-0.003389012,-0.007484711,0.26,-0.093049319,-0.043172333,-0.303172333,-0.353049319
7,netflix,2015/12/21,2060.99,117.33,0.02764326,-0.005846424,0.24,-0.073393746,0.425446481,0.185446481,-0.313393746
7,netflix,2015/12/28,2043.94,114.38,-0.008272747,-0.025142802,0.23,-0.281820449,-0.102366146,-0.332366146,-0.511820449
7,netflix,2016/1/4,1922.03,111.39,-0.059644567,-0.026140917,0.22,-0.291321023,-0.550430857,-0.770430857,-0.511321023
7,netflix,2016/1/11,1880.33,104.04,-0.021695849,-0.065984362,0.21,-0.588278147,-0.248099019,-0.458099019,-0.798278147
7,netflix,2016/1/19,1906.9,100.72,0.014130535,-0.031910803,0.26,-0.344006011,0.200107559,-0.059892441,-0.604006011
7,netflix,2016/1/25,1940.24,91.84,0.017483856,-0.088165259,0.31,-0.698762002,0.252731083,-0.057268917,-1.008762002
7,netflix,2016/2/1,1880.05,82.79,-0.031021905,-0.098540891,0.35,-0.740403753,-0.336132402,-0.686132402,-1.090403753
7,netflix,2016/2/8,1864.78,87.4,-0.008122135,0.055683065,0.32,1.022722065,-0.100592342,-0.420592342,0.702722065
7,netflix,2016/2/16,1917.78,89.23,0.028421583,0.020938226,0.3,0.309160957,0.439545417,0.139545417,0.009160957
7,netflix,2016/2/22,1948.05,94.79,0.015783885,0.062310857,0.33,1.194173981,0.225793015,-0.104206985,0.864173981
7,netflix,2016/2/29,1999.99,101.58,0.026662529,0.071632038,0.33,1.458068362,0.407862526,0.077862526,1.128068362
7,netflix,2016/3/7,2022.19,97.66,0.011100031,-0.038590253,0.32,-0.400470206,0.154313057,-0.165686943,-0.720470206
7,netflix,2016/3/14,2049.58,101.12,0.013544789,0.035429028,0.34,0.572404833,0.191127596,-0.148872404,0.232404833
7,netflix,2016/3/21,2035.94,98.36,-0.006655089,-0.027294323,0.31,-0.302155183,-0.083144435,-0.393144435,-0.612155183
7,netflix,2016/3/28,2072.78,105.7,0.01809488,0.074623789,0.29,1.548788825,0.262546243,-0.027453757,1.258788825
7,netflix,2016/4/4,2047.6,103.81,-0.012147962,-0.017880786,0.23,-0.209076101,-0.146910293,-0.376910293,-0.439076101
7,netflix,2016/4/11,2080.73,111.51,0.01617992,0.074174012,0.23,1.534955465,0.232020447,0.002020447,1.304955465
7,netflix,2016/4/18,2091.58,95.9,0.005214563,-0.139987443,0.22,-0.859213082,0.069951355,-0.150048645,-1.079213082
7,netflix,2016/4/25,2065.3,90.03,-0.012564677,-0.061209623,0.25,-0.560061287,-0.15157674,-0.40157674,-0.810061287
8,total system service,2015/5/4,2116.1,40.76,0.003704452,0.031359778,0.02,0.493937657,0.049242942,0.029242942,0.473937657
8,total system service,2015/5/11,2122.73,41.05,0.003133066,0.007054264,0.02,0.095689108,0.041504379,0.021504379,0.075689108
8,total system service,2015/5/18,2126.06,41.15,0.001568772,0.002415437,0.02,0.031859814,0.020587106,0.000587106,0.011859814
8,total system service,2015/5/26,2107.39,40.85,-0.00878158,-0.007228947,0.02,-0.090006327,-0.108334975,-0.128334975,-0.110006327
8,total system service,2015/6/1,2092.83,41.09,-0.006908933,0.0058252,0.02,0.078431735,-0.086185637,-0.106185637,0.058431735
8,total system service,2015/6/8,2094.11,41.24,0.000611626,0.003861057,0.02,0.051373168,0.007980382,-0.012019618,0.031373168
8,total system service,2015/6/15,2109.99,42.07,0.007583118,0.020026293,0.02,0.294040194,0.10319293,0.08319293,0.274040194
8,total system service,2015/6/22,2101.49,42.46,-0.004028455,0.009213328,0.01,0.126623239,-0.051122606,-0.061122606,0.116623239
8,total system service,2015/6/29,2076.78,41.69,-0.011758305,-0.018024415,0.02,-0.210578464,-0.142525422,-0.162525422,-0.230578464
8,total system service,2015/7/6,2076.62,42.08,-0.000077,0.009296811,0.02,0.127835378,-0.001000538,-0.021000538,0.107835378
8,total system service,2015/7/13,2126.64,43.7,0.024087109,0.038497906,0.02,0.634079295,0.362635477,0.342635477,0.614079295
8,total system service,2015/7/20,2079.65,44.45,-0.022095885,0.017057045,0.04,0.245916857,-0.252086182,-0.292086182,0.205916857
8,total system service,2015/7/27,2103.84,45.94,0.011631855,0.033542031,0.05,0.535556695,0.16223099,0.11223099,0.485556695
8,total system service,2015/8/3,2077.57,46.66,-0.0124867,0.015794041,0.08,0.225952349,-0.150705336,-0.230705336,0.145952349
8,total system service,2015/8/10,2091.54,47.84,0.006724188,0.025346098,0.12,0.384574342,0.091029624,-0.028970376,0.264574342
8,total system service,2015/8/17,1970.89,45.39,-0.057684779,-0.051308724,0.1,-0.495775679,-0.538097108,-0.638097108,-0.595775679
8,total system service,2015/8/24,1988.87,46.08,0.009122772,0.015108434,0.06,0.215238918,0.125309762,0.065309762,0.155238918
8,total system service,2015/8/31,1921.22,44.6,-0.034014302,-0.031924048,0.08,-0.344122677,-0.362296128,-0.442296128,-0.424122677
8,total system service,2015/9/8,1961.05,46.37,0.020731659,0.039661314,0.06,0.658038051,0.305721652,0.245721652,0.598038051
8,total system service,2015/9/14,1958.03,46.12,-0.001540001,-0.005371237,0.07,-0.067619496,-0.019836068,-0.089836068,-0.137619496
8,total system service,2015/9/21,1931.34,46.33,-0.01363108,0.004534674,0.01,0.060581671,-0.163411419,-0.173411419,0.050581671
8,total system service,2015/9/28,1951.36,46.02,0.01036587,-0.006663868,0.01,-0.083249768,0.143464474,0.133464474,-0.093249768
8,total system service,2015/10/5,2014.89,48.01,0.032556797,0.043064366,0.01,0.72999328,0.516635957,0.506635957,0.71999328
8,total system service,2015/10/12,2033.11,48.8,0.009042662,0.016597466,0.01,0.238617743,0.124148978,0.114148978,0.228617743
8,total system service,2015/10/19,2075.15,51.01,0.02067764,0.045306144,0.02,0.778957365,0.304823621,0.284823621,0.758957365
8,total system service,2015/10/26,2079.36,52.24,0.002028868,0.024014026,0.02,0.361371856,0.026698756,0.006698756,0.341371856
8,total system service,2015/11/2,2099.2,52.45,0.009541322,0.004003828,0.08,0.053318695,0.13139251,0.05139251,-0.026681305
8,total system service,2015/11/9,2023.04,52.68,-0.036280447,0.0043676,0.14,0.058290813,-0.381472922,-0.521472922,-0.081709187
8,total system service,2015/11/16,2089.17,54.87,0.032688371,0.041595766,0.15,0.698594354,0.519150233,0.369150233,0.548594354
8,total system service,2015/11/23,2090.11,55.71,0.000450028,0.015247833,0.14,0.21741017,0.005866187,-0.134133813,0.07741017
8,total system service,2015/11/30,2091.69,56,0.000755862,0.005363813,0.22,0.0720184,0.009870893,-0.210129107,-0.1479816
8,total system service,2015/12/7,2012.37,53.52,-0.037921465,-0.044282395,0.29,-0.445010688,-0.395025837,-0.685025837,-0.735010688
8,total system service,2015/12/14,2005.55,50.9,-0.003389012,-0.049067793,0.26,-0.480070766,-0.043172333,-0.303172333,-0.740070766
8,total system service,2015/12/21,2060.99,50.85,0.02764326,-0.000980166,0.24,-0.01266749,0.425446481,0.185446481,-0.25266749
8,total system service,2015/12/28,2043.94,49.69,-0.008272747,-0.022762923,0.23,-0.258691178,-0.102366146,-0.332366146,-0.488691178
8,total system service,2016/1/4,1922.03,45.43,-0.059644567,-0.08574304,0.22,-0.688191767,-0.550430857,-0.770430857,-0.908191767
8,total system service,2016/1/11,1880.33,45.18,-0.021695849,-0.005490829,0.21,-0.069075841,-0.248099019,-0.458099019,-0.279075841
8,total system service,2016/1/19,1906.9,45.38,0.014130535,0.004416965,0.26,0.058967212,0.200107559,-0.059892441,-0.201032788
8,total system service,2016/1/25,1940.24,40.07,0.017483856,-0.116974528,0.31,-0.801549586,0.252731083,-0.057268917,-1.111549586
8,total system service,2016/2/1,1880.05,38.77,-0.031021905,-0.032619534,0.35,-0.35022189,-0.336132402,-0.686132402,-0.70022189
8,total system service,2016/2/8,1864.78,39.29,-0.008122135,0.013642253,0.32,0.192617484,-0.100592342,-0.420592342,-0.127382516
8,total system service,2016/2/16,1917.78,42.7,0.028421583,0.086592171,0.3,1.943509423,0.439545417,0.139545417,1.643509423
8,total system service,2016/2/22,1948.05,44.38,0.015783885,0.039495211,0.33,0.654597665,0.225793015,-0.104206985,0.324597665
8,total system service,2016/2/29,1999.99,45.31,0.026662529,0.02090827,0.33,0.308661677,0.407862526,0.077862526,-0.021338323
8,total system service,2016/3/7,2022.19,44.69,0.011100031,-0.013653363,0.32,-0.163657077,0.154313057,-0.165686943,-0.483657077
8,total system service,2016/3/14,2049.58,44.9,0.013544789,0.004688547,0.34,0.062695569,0.191127596,-0.148872404,-0.277304431
8,total system service,2016/3/21,2035.94,45.98,-0.006655089,0.024016095,0.31,0.361407615,-0.083144435,-0.393144435,0.051407615
8,total system service,2016/3/28,2072.78,48.5,0.01809488,0.054806438,0.29,1.000995141,0.262546243,-0.027453757,0.710995141
8,total system service,2016/4/4,2047.6,48.51,-0.012147962,0.000206144,0.23,0.002683189,-0.146910293,-0.376910293,-0.227316811
8,total system service,2016/4/11,2080.73,49.67,0.01617992,0.023912596,0.23,0.359619903,0.232020447,0.002020447,0.129619903
8,total system service,2016/4/18,2091.58,51,0.005214563,0.026776768,0.22,0.409900414,0.069951355,-0.150048645,0.189900414
8,total system service,2016/4/25,2065.3,51.14,-0.012564677,0.002745078,0.25,0.036279736,-0.15157674,-0.40157674,-0.213720264
9,Fidelity National Information Services,2015/5/4,2116.1,64.03,0.003704452,0.031215353,0.02,0.491220323,0.049242942,0.029242942,0.471220323
9,Fidelity National Information Services,2015/5/11,2122.73,63.41,0.003133066,-0.009680485,0.02,-0.118790067,0.041504379,0.021504379,-0.138790067
9,Fidelity National Information Services,2015/5/18,2126.06,63.34,0.001568772,-0.001241134,0.02,-0.016015135,0.020587106,0.000587106,-0.036015135
9,Fidelity National Information Services,2015/5/26,2107.39,61.69,-0.00878158,-0.025943818,0.02,-0.289454176,-0.108334975,-0.128334975,-0.309454176
9,Fidelity National Information Services,2015/6/1,2092.83,61.2,-0.006908933,-0.007974511,0.02,-0.098850589,-0.086185637,-0.106185637,-0.118850589
9,Fidelity National Information Services,2015/6/8,2094.11,62.5,0.000611626,0.021179994,0.02,0.313196973,0.007980382,-0.012019618,0.293196973
9,Fidelity National Information Services,2015/6/15,2109.99,63.17,0.007583118,0.010749312,0.02,0.149118739,0.10319293,0.08319293,0.129118739
9,Fidelity National Information Services,2015/6/22,2101.49,62.6,-0.004028455,-0.008914612,0.01,-0.109889444,-0.051122606,-0.061122606,-0.119889444
9,Fidelity National Information Services,2015/6/29,2076.78,61.62,-0.011758305,-0.015780341,0.02,-0.186801702,-0.142525422,-0.162525422,-0.206801702
9,Fidelity National Information Services,2015/7/6,2076.62,62.8,-0.000077,0.019240036,0.02,0.281132855,-0.001000538,-0.021000538,0.261132855
9,Fidelity National Information Services,2015/7/13,2126.64,63.32,0.024087109,0.008179905,0.02,0.111717594,0.362635477,0.342635477,0.091717594
9,Fidelity National Information Services,2015/7/20,2079.65,61.88,-0.022095885,-0.02262435,0.04,-0.257323479,-0.252086182,-0.292086182,-0.297323479
9,Fidelity National Information Services,2015/7/27,2103.84,64.64,0.011631855,0.044540163,0.05,0.762085043,0.16223099,0.11223099,0.712085043
9,Fidelity National Information Services,2015/8/3,2077.57,63.99,-0.0124867,-0.010087116,0.08,-0.123482285,-0.150705336,-0.230705336,-0.203482285
9,Fidelity National Information Services,2015/8/10,2091.54,69.42,0.006724188,0.08491589,0.12,1.885020548,0.091029624,-0.028970376,1.765020548
9,Fidelity National Information Services,2015/8/17,1970.89,68.48,-0.057684779,-0.01351929,0.1,-0.16217799,-0.538097108,-0.638097108,-0.26217799
9,Fidelity National Information Services,2015/8/24,1988.87,69.43,0.009122772,0.013848835,0.06,0.195781097,0.125309762,0.065309762,0.135781097
9,Fidelity National Information Services,2015/8/31,1921.22,66.25,-0.034014302,-0.045816745,0.08,-0.456482814,-0.362296128,-0.442296128,-0.536482814
9,Fidelity National Information Services,2015/9/8,1961.05,68.78,0.020731659,0.038174783,0.06,0.627481966,0.305721652,0.245721652,0.567481966
9,Fidelity National Information Services,2015/9/14,1958.03,67.61,-0.001540001,-0.017012653,0.07,-0.199939076,-0.019836068,-0.089836068,-0.269939076
9,Fidelity National Information Services,2015/9/21,1931.34,67.65,-0.01363108,0.00058668,0.01,0.007653745,-0.163411419,-0.173411419,-0.002346255
9,Fidelity National Information Services,2015/9/28,1951.36,67.78,0.01036587,0.001905514,0.01,0.025056887,0.143464474,0.133464474,0.015056887
9,Fidelity National Information Services,2015/10/5,2014.89,69.91,0.032556797,0.031455765,0.01,0.495746166,0.516635957,0.506635957,0.485746166
9,Fidelity National Information Services,2015/10/12,2033.11,69.76,0.009042662,-0.00212764,0.01,-0.027308966,0.124148978,0.114148978,-0.037308966
9,Fidelity National Information Services,2015/10/19,2075.15,70.63,0.02067764,0.012508904,0.02,0.175398316,0.304823621,0.284823621,0.155398316
9,Fidelity National Information Services,2015/10/26,2079.36,72.31,0.002028868,0.023725912,0.02,0.356400836,0.026698756,0.006698756,0.336400836
9,Fidelity National Information Services,2015/11/2,2099.2,66.63,0.009541322,-0.0785792,0.08,-0.654892695,0.13139251,0.05139251,-0.734892695
9,Fidelity National Information Services,2015/11/9,2023.04,64.56,-0.036280447,-0.03110588,0.14,-0.336879944,-0.381472922,-0.521472922,-0.476879944
9,Fidelity National Information Services,2015/11/16,2089.17,65.85,0.032688371,0.020122995,0.15,0.295635934,0.519150233,0.369150233,0.145635934
9,Fidelity National Information Services,2015/11/23,2090.11,64.18,0.000450028,-0.02544803,0.14,-0.284738172,0.005866187,-0.134133813,-0.424738172
9,Fidelity National Information Services,2015/11/30,2091.69,64.5,0.000755862,0.004944386,0.22,0.066218882,0.009870893,-0.210129107,-0.153781118
9,Fidelity National Information Services,2015/12/7,2012.37,60.69,-0.037921465,-0.059040622,0.29,-0.546662782,-0.395025837,-0.685025837,-0.836662782
9,Fidelity National Information Services,2015/12/14,2005.55,58.28,-0.003389012,-0.039711192,0.26,-0.409494055,-0.043172333,-0.303172333,-0.669494055
9,Fidelity National Information Services,2015/12/21,2060.99,60.86,0.02764326,0.044258371,0.24,0.755915245,0.425446481,0.185446481,0.515915245
9,Fidelity National Information Services,2015/12/28,2043.94,60.35,-0.008272747,-0.008345663,0.23,-0.10322374,-0.102366146,-0.332366146,-0.33322374
9,Fidelity National Information Services,2016/1/4,1922.03,57.89,-0.059644567,-0.040759013,0.22,-0.417815747,-0.550430857,-0.770430857,-0.637815747
9,Fidelity National Information Services,2016/1/11,1880.33,58.22,-0.021695849,0.0056769,0.21,0.076366495,-0.248099019,-0.458099019,-0.133633505
9,Fidelity National Information Services,2016/1/19,1906.9,59.2,0.014130535,0.016934652,0.26,0.243969121,0.200107559,-0.059892441,-0.016030879
9,Fidelity National Information Services,2016/1/25,1940.24,59.48,0.017483856,0.00470981,0.31,0.062987985,0.252731083,-0.057268917,-0.247012015
9,Fidelity National Information Services,2016/2/1,1880.05,58.3,-0.031021905,-0.019922933,0.35,-0.230191055,-0.336132402,-0.686132402,-0.580191055
9,Fidelity National Information Services,2016/2/8,1864.78,57.33,-0.008122135,-0.016569865,0.32,-0.195241342,-0.100592342,-0.420592342,-0.515241342
9,Fidelity National Information Services,2016/2/16,1917.78,59.46,0.028421583,0.037172083,0.3,0.60716565,0.439545417,0.139545417,0.30716565
9,Fidelity National Information Services,2016/2/22,1948.05,59.24,0.015783885,-0.003684405,0.33,-0.046852601,0.225793015,-0.104206985,-0.376852601
9,Fidelity National Information Services,2016/2/29,1999.99,60.56,0.026662529,0.022188568,0.33,0.330158072,0.407862526,0.077862526,0.000158072
9,Fidelity National Information Services,2016/3/7,2022.19,62.55,0.011100031,0.032889365,0.32,0.522998499,0.154313057,-0.165686943,0.202998499
9,Fidelity National Information Services,2016/3/14,2049.58,62.54,0.013544789,-0.000159233,0.34,-0.002068052,0.191127596,-0.148872404,-0.342068052
9,Fidelity National Information Services,2016/3/21,2035.94,62.62,-0.006655089,0.001279149,0.31,0.016757163,-0.083144435,-0.393144435,-0.293242837
9,Fidelity National Information Services,2016/3/28,2072.78,65.01,0.01809488,0.038166768,0.29,0.627318634,0.262546243,-0.027453757,0.337318634
9,Fidelity National Information Services,2016/4/4,2047.6,63.98,-0.012147962,-0.015843747,0.23,-0.187482487,-0.146910293,-0.376910293,-0.417482487
9,Fidelity National Information Services,2016/4/11,2080.73,64.06,0.01617992,0.001250359,0.23,0.016377173,0.232020447,0.002020447,-0.213622827
9,Fidelity National Information Services,2016/4/18,2091.58,65.24,0.005214563,0.018420232,0.22,0.267801438,0.069951355,-0.150048645,0.047801438
9,Fidelity National Information Services,2016/4/25,2065.3,65.8,-0.012564677,0.008583768,0.25,0.117520934,-0.15157674,-0.40157674,-0.132479066
10,Automatic Data Processing,2015/5/4,2116.1,85.23,0.003704452,0.015343548,0.02,0.218903081,0.049242942,0.029242942,0.198903081
10,Automatic Data Processing,2015/5/11,2122.73,85.64,0.003133066,0.004808242,0.02,0.064342621,0.041504379,0.021504379,0.044342621
10,Automatic Data Processing,2015/5/18,2126.06,84.71,0.001568772,-0.010823743,0.02,-0.131923727,0.020587106,0.000587106,-0.151923727
10,Automatic Data Processing,2015/5/26,2107.39,83.43,-0.00878158,-0.015088659,0.02,-0.179340885,-0.108334975,-0.128334975,-0.199340885
10,Automatic Data Processing,2015/6/1,2092.83,82.21,-0.006908933,-0.014618173,0.02,-0.174229944,-0.086185637,-0.106185637,-0.194229944
10,Automatic Data Processing,2015/6/8,2094.11,82.3,0.000611626,0.001032382,0.02,0.013504415,0.007980382,-0.012019618,-0.006495585
10,Automatic Data Processing,2015/6/15,2109.99,82.85,0.007583118,0.006678685,0.02,0.090388722,0.10319293,0.08319293,0.070388722
10,Automatic Data Processing,2015/6/22,2101.49,81.77,-0.004028455,-0.013031707,0.01,-0.156778616,-0.051122606,-0.061122606,-0.166778616
10,Automatic Data Processing,2015/6/29,2076.78,79.34,-0.011758305,-0.029768324,0.02,-0.324880206,-0.142525422,-0.162525422,-0.344880206
10,Automatic Data Processing,2015/7/6,2076.62,80.01,-0.000077,0.008536401,0.02,0.116838846,-0.001000538,-0.021000538,0.096838846
10,Automatic Data Processing,2015/7/13,2126.64,80.87,0.024087109,0.01067231,0.02,0.147981195,0.362635477,0.342635477,0.127981195
10,Automatic Data Processing,2015/7/20,2079.65,78.3,-0.022095885,-0.031678659,0.04,-0.341958104,-0.252086182,-0.292086182,-0.381958104
10,Automatic Data Processing,2015/7/27,2103.84,78.3,0.011631855,-0.000125395,0.05,-0.001628909,0.16223099,0.11223099,-0.051628909
10,Automatic Data Processing,2015/8/3,2077.57,78.81,-0.0124867,0.006518818,0.08,0.088139776,-0.150705336,-0.230705336,0.008139776
10,Automatic Data Processing,2015/8/10,2091.54,81.46,0.006724188,0.033628122,0.12,0.537220321,0.091029624,-0.028970376,0.417220321
10,Automatic Data Processing,2015/8/17,1970.89,77.77,-0.057684779,-0.045306645,0.1,-0.452693386,-0.538097108,-0.638097108,-0.552693386
10,Automatic Data Processing,2015/8/24,1988.87,76.96,0.009122772,-0.010349641,0.06,-0.126499365,0.125309762,0.065309762,-0.186499365
10,Automatic Data Processing,2015/8/31,1921.22,74.74,-0.034014302,-0.028822816,0.08,-0.316277107,-0.362296128,-0.442296128,-0.396277107
10,Automatic Data Processing,2015/9/8,1961.05,77.35,0.020731659,0.034849311,0.06,0.560998526,0.305721652,0.245721652,0.500998526
10,Automatic Data Processing,2015/9/14,1958.03,78.04,-0.001540001,0.008938859,0.07,0.12264653,-0.019836068,-0.089836068,0.05264653
10,Automatic Data Processing,2015/9/21,1931.34,79.31,-0.01363108,0.016327058,0.01,0.234341541,-0.163411419,-0.173411419,0.224341541
10,Automatic Data Processing,2015/9/28,1951.36,80.36,0.01036587,0.013200479,0.01,0.185878031,0.143464474,0.133464474,0.175878031
10,Automatic Data Processing,2015/10/5,2014.89,84.19,0.032556797,0.047689253,0.01,0.832408752,0.516635957,0.506635957,0.822408752
10,Automatic Data Processing,2015/10/12,2033.11,85.62,0.009042662,0.017010842,0.01,0.245181262,0.124148978,0.114148978,0.235181262
10,Automatic Data Processing,2015/10/19,2075.15,89.42,0.02067764,0.044295761,0.02,0.756732745,0.304823621,0.284823621,0.736732745
10,Automatic Data Processing,2015/10/26,2079.36,85.92,0.002028868,-0.03910305,0.02,-0.404614034,0.026698756,0.006698756,-0.424614034
10,Automatic Data Processing,2015/11/2,2099.2,86.55,0.009541322,0.007357155,0.08,0.099980993,0.13139251,0.05139251,0.019980993
10,Automatic Data Processing,2015/11/9,2023.04,84,-0.036280447,-0.029441899,0.14,-0.321921451,-0.381472922,-0.521472922,-0.461921451
10,Automatic Data Processing,2015/11/16,2089.17,86.22,0.032688371,0.02633739,0.15,0.402077306,0.519150233,0.369150233,0.252077306
10,Automatic Data Processing,2015/11/23,2090.11,85.62,0.000450028,-0.006873649,0.14,-0.085763472,0.005866187,-0.134133813,-0.225763472
10,Automatic Data Processing,2015/11/30,2091.69,86.35,0.000755862,0.008536152,0.22,0.116835261,0.009870893,-0.210129107,-0.103164739
10,Automatic Data Processing,2015/12/7,2012.37,82.81,-0.037921465,-0.041006463,0.29,-0.419765104,-0.395025837,-0.685025837,-0.709765104
10,Automatic Data Processing,2015/12/14,2005.55,82.76,-0.003389012,-0.000600036,0.26,-0.007772446,-0.043172333,-0.303172333,-0.267772446
10,Automatic Data Processing,2015/12/21,2060.99,85.41,0.02764326,0.031940439,0.24,0.504908902,0.425446481,0.185446481,0.264908902
10,Automatic Data Processing,2015/12/28,2043.94,84.19,-0.008272747,-0.014195909,0.23,-0.169617842,-0.102366146,-0.332366146,-0.399617842
10,Automatic Data Processing,2016/1/4,1922.03,77.65,-0.059644567,-0.077785679,0.22,-0.651009016,-0.550430857,-0.770430857,-0.871009016
10,Automatic Data Processing,2016/1/11,1880.33,77.44,-0.021695849,-0.002687878,0.21,-0.034384405,-0.248099019,-0.458099019,-0.244384405
10,Automatic Data Processing,2016/1/19,1906.9,80.61,0.014130535,0.040939473,0.26,0.684733486,0.200107559,-0.059892441,0.424733486
10,Automatic Data Processing,2016/1/25,1940.24,82.57,0.017483856,0.024411232,0.31,0.36825269,0.252731083,-0.057268917,0.05825269
10,Automatic Data Processing,2016/2/1,1880.05,80.81,-0.031021905,-0.021422485,0.35,-0.245363122,-0.336132402,-0.686132402,-0.595363122
10,Automatic Data Processing,2016/2/8,1864.78,81.23,-0.008122135,0.00528835,0.32,0.070972812,-0.100592342,-0.420592342,-0.249027188
10,Automatic Data Processing,2016/2/16,1917.78,85.03,0.028421583,0.04673355,0.3,0.810797464,0.439545417,0.139545417,0.510797464
10,Automatic Data Processing,2016/2/22,1948.05,85.13,0.015783885,0.001168864,0.33,0.015302257,0.225793015,-0.104206985,-0.314697743
10,Automatic Data Processing,2016/2/29,1999.99,85.66,0.026662529,0.006187213,0.33,0.083488535,0.407862526,0.077862526,-0.246511465
10,Automatic Data Processing,2016/3/7,2022.19,87.27,0.011100031,0.018846787,0.32,0.274721887,0.154313057,-0.165686943,-0.045278113
10,Automatic Data Processing,2016/3/14,2049.58,88.64,0.013544789,0.015698431,0.34,0.224453115,0.191127596,-0.148872404,-0.115546885
10,Automatic Data Processing,2016/3/21,2035.94,88.75,-0.006655089,0.001240986,0.31,0.01625349,-0.083144435,-0.393144435,-0.29374651
10,Automatic Data Processing,2016/3/28,2072.78,90.26,0.01809488,0.017014107,0.29,0.24523323,0.262546243,-0.027453757,-0.04476677
10,Automatic Data Processing,2016/4/4,2047.6,90.33,-0.012147962,0.000775537,0.23,0.010129028,-0.146910293,-0.376910293,-0.219870972
10,Automatic Data Processing,2016/4/11,2080.73,90.15,0.01617992,-0.001992693,0.23,-0.025597536,0.232020447,0.002020447,-0.255597536
10,Automatic Data Processing,2016/4/18,2091.58,89.65,0.005214563,-0.005546312,0.22,-0.069750779,0.069951355,-0.150048645,-0.289750779
10,Automatic Data Processing,2016/4/25,2065.3,88.44,-0.012564677,-0.013496932,0.25,-0.161931103,-0.15157674,-0.40157674,-0.411931103
